destination,budget,days,travel_with,group_size,stay,views_rating,nightlife_rating,food_rating,itinerary
Kaziranga,5000,2,All Male,7,Homestay,4,1.0,2,"Day 1: Morning jeep safari in the Central Range of Kaziranga National Park to spot one-horned rhinos, elephants and wild buffalo; afternoon at leisure near the park. Day 2: Sunrise elephant-back or jeep safari in the Western Range, then visit the Kaziranga Orchid and Biodiversity Park before heading back."
Shillong,3000,2,All Male,8,Homestay,4,4.0,3,"Day 1: Arrive Shillong, visit Ward's Lake, Lady Hydari Park and Police Bazaar in the evening. Day 2: Day trip to Umiam Lake and Shillong Peak viewpoint, then Elephant Falls before departure."
Shillong and Cherrapunji ,7000,3,All Male,6,Homestay,5,3.0,4,"Day 1: Arrive Shillong, explore Police Bazaar and Ward's Lake. Day 2: Drive to Cherrapunji via Mawkdok Dympep Valley viewpoint; visit Nohkalikai Falls and Seven Sisters Falls. Day 3: Trek to Nohsngithiang (Mawsmai) Falls and explore Mawsmai limestone caves before returning."
Ziro village arunachal pradesh ,6850,4,All Male,5,Hotels,4,1.0,3,"Day 1: Arrive Ziro Valley, settle into a homestay and stroll through an Apatani village. Day 2: Visit the pine groves, Talley Valley Wildlife Sanctuary viewpoint and local paddy-cum-fish farms. Day 3: Explore Hong village, Tarin Fish Farm and the Ziro festival ground. Day 4: Relaxed morning walk through Old Ziro market before departure."
Dzokou,5000,3,All Male,6,Homestay,5,4.0,3,Day 1: Drive/trek to the base of Dzukou Valley and begin the ascent to the guesthouse. Day 2: Full day exploring the valley's rolling meadows and seasonal Dzukou lily blooms. Day 3: Trek back down and return.
"Sikkim, Meghalaya ( Bulls treak, Bamboo treak, Nongjrong, David Scott Trail)",6000,5,All Male,15 and 5 respectively ,Homestay,5,3.0,5,"Day 1: Arrive Meghalaya, start the Bulls trek. Day 2: Continue with the Bamboo trek through the forest trails. Day 3: Trek to Nongjrong village. Day 4: Hike the historic David Scott Trail. Day 5: Travel onward into Sikkim for a final day of sightseeing before departure."
"Sikkim, bhutan border, cherapunjee",2500,2,All Female,"On shillong visit 14, other time 4",Hostels,4,1.0,3,"Day 1: Visit Cherrapunji viewpoints (Nohkalikai Falls, Seven Sisters Falls) and explore nearby villages close to the Bhutan/Sikkim border region. Day 2: Short local sightseeing before departure."
"Shillong, Laitlum, Cherapunji ",6500,4,All Male,6,Hotels,5,4.0,4,"Day 1: Arrive Shillong, visit Ward's Lake and Police Bazaar. Day 2: Sunset at Laitlum Canyon. Day 3: Drive to Cherrapunji, covering Nohkalikai Falls and the Mawsmai Caves. Day 4: Visit Seven Sisters Falls and Dainthlen Falls before heading back."
Pobitora Wildlife Sanctuary ,5000,1,Family,4,Didn't stay,4,1.0,3,"Day 1: Morning jeep or boat safari at Pobitora Wildlife Sanctuary to spot the dense population of Indian rhinos, followed by return in the evening."
"Cherapunji, shilong.",1750,1,All Male,10,No stay,5,3.0,3,We departed from our college early morning around 8 and in a minibus with 10 of us in total and made our way to cherapunji with some viewpoints like umiam lake in the way.
Meghalaya ,5000,3,All Male,6,Homestay,5,5.0,3,Shillong-laitlum - pung iyer waterfall(garden of caves)-dawki
Aizawl,3000,3,Mixed-Gender,11,Hotels,5,1.0,3,"Day 1: Arrive Aizawl, visit Bara Bazar and Solomon's Temple. Day 2: Explore Durtlang Hills viewpoint and the Mizoram State Museum. Day 3: Visit Reiek Tlang for panoramic hill views before departure."
Haflong,3000,3,Mixed-Gender,14,Homestay,3,3.0,2,"Day 1: Arrive Haflong, walk around Haflong Lake and the local market. Day 2: Visit Jatinga village, known for its mysterious bird phenomenon, and nearby viewpoints. Day 3: Explore Panimoor waterfalls and surrounding hills before heading back."
Bhutan,2000,1,Mixed-Gender,10,nowhere,4,4.0,4,"Day 1: Cross into Bhutan for a day trip covering the border town's monasteries, markets and viewpoints before returning the same day."
"Shillong, laitlum, bamboo trek ",3500,2,All Female,7,Homestay,5,2.0,1,"Day 1: Arrive Shillong, evening at Laitlum Canyon for sunset views. Day 2: Bamboo trek through a nearby forest trail before departure."
Shillong,3000,2,All Male,6,Homestay,4,5.0,4,"Day 1: Arrive Shillong, visit Ward's Lake and Police Bazaar market. Day 2: Trip to Elephant Falls and Shillong Peak before heading back."
Meghalaya ,3000,2,All Male,11,Hotels,4,4.0,4,Shillong - kenatai valley - weiseidong falls - seven sisters
"Shillong,bhutan",5000,2,All Male,4,Hotels,4,5.0,2,Shillong and Meghalaya places
Darjeeling ,3500,2,Mixed-Gender,10,Hotels,4,2.0,2,"Day 1: Arrive Darjeeling, evening walk on Mall Road and Chowrasta. Day 2: Early sunrise view from Tiger Hill, ride the Darjeeling Himalayan toy train, and visit a tea garden before departure."
Meghalaya ,2500,3,All Male,5,Homestay,4,2.0,2,"Day 1: Arrive Shillong, sightseeing around Ward's Lake and Police Bazaar. Day 2: Day trip to Cherrapunji covering Nohkalikai Falls and Mawsmai Caves. Day 3: Visit Dawki for a boat ride on the crystal-clear Umngot river before returning."
Dima Hasao,4000,2,Mixed-Gender,6,Homestay,5,5.0,5,Extraordinary fantastic mind blowing.
"Shillong,  DawKi,  CheraPunjee ",3500,3,All Male,Six. ,Hotels,5,4.0,2,"Day 1: Arrive Shillong, explore Police Bazaar and Ward's Lake. Day 2: Visit Dawki for a boat ride on the Umngot river. Day 3: Drive to Cherrapunji to see Nohkalikai Falls and the Mawsmai limestone caves before heading back."
Shillong,2000,2,All Male,6,Homestay,4,3.0,3,"Day 1: Arrive Shillong, visit Umiam Lake en route and settle in. Day 2: Explore Elephant Falls and Shillong Peak before departure."
Meghalaya,5000,5,All Male,8,Homestay,4,3.0,3,"Day 1: Arrive Shillong, visit Police Bazaar and Ward's Lake. Day 2: Explore Cherrapunji's Nohkalikai and Seven Sisters Falls. Day 3: Trek to the Double Decker Living Root Bridge at Nongriat. Day 4: Visit Dawki for a river boat ride and Mawlynnong, Asia's cleanest village. Day 5: Relaxed morning at Laitlum Canyon before heading back."
"My village, Banghaghar Mandir, Shahid smarak, Science City, Zubeen Garg Da Memorial",600,1,Family,"Family, 4-6",Family or friends,5,4.0,4,"I mostly like to travel with family, not much interested or feel good enough to travel with friends."
"Shilong, Umiam lake, Dawki, living root bridge, cleanest village, Kangsuri",4300,3,Mixed-Gender,14-15,Tent stay,5,4.0,2,"Day 1: Arrive Shillong, visit Umiam Lake. Day 2: Drive to Dawki for a boat ride on the Umngot river, then visit the Living Root Bridge and Mawlynnong village. Day 3: Explore Kangsuri (Krang Suri) waterfall before returning."
Meghalaya,1000,2,All Male,4,Hotels,5,2.0,4,"Crazy exp.. zyaada likhne ka man nhi h.. par crazy.. must visit laitlum canyon.. mazaa aayega waha.. great view with greatest ppl
"
Garbhanga ,850,1,All Male,8,One day ,4,4.0,4,"We rented a scooty from the rentals , this place is some 30-40 km from iitg , so went there , now after reaching there u have to take that scooty uphill some 20km , that's the best part , great view , with friends chill vibes and after that ask some people Abt which way to go , and there are 1-2 amazing waterfalls in which u can have fun , there are some shops in between the way uphill where u can buy petrol food etc , and then u can come back "
Dzukou Valley ,5500,3,Mixed-Gender,7,Hostels,5,3.0,5,it was totally worth it
Gangtok and Darjeeling ,50000,9,Family,4,Hotels,4,5.0,4,"Day 1-2: Arrive Gangtok, acclimatize and explore MG Marg. Day 3: Day trip to Tsomgo Lake and Baba Mandir. Day 4: Visit Nathula Pass (permit permitting). Day 5: Explore Rumtek Monastery and local viewpoints. Day 6: Travel from Gangtok to Darjeeling. Day 7: Sunrise at Tiger Hill and ride the toy train. Day 8: Visit a tea garden and the Peace Pagoda. Day 9: Leisure morning on Mall Road before departure."
Shillong and bhutan,2500,1,Mixed-Gender,10,No,5,,4,"Day 1: Quick visit to Shillong's Police Bazaar and Ward's Lake, with a short stop near the Bhutan border area before heading back."
Shillong ,3200,2,All Male,8,Hostels,4,3.0,3,First day reach shillong and go to lightlum canyon and market for night next day go to famous places in shillong 
TAWANG,11000,5,Mixed-Gender,13,Hotels,4,1.0,2,Visit tawang bumla pass sela pass and other things
Mizoram ,6000,3,All Male,5 people ,Homestay,5,4.0,4,"Lalsavunga Park
sakawrhmuituai tlang
14 beans cafe
Heritage Village (Zokhua)
Solomon’s Temple
Reiki Tlang
Aizawl peak "
 

